{
  "train_losses": [
    0.537186290536608,
    0.12754115089774132,
    0.09666830833469119,
    0.059993156631078036,
    0.04972774375762258,
    0.0367424056998321,
    0.041448101800467284,
    0.030475356483033726,
    0.025425688895796026,
    0.024567444675735066,
    0.021366351151040623,
    0.02003558592072555,
    0.023236030845769813,
    0.019928480897630965,
    0.019653700026018277,
    0.0188625766230481,
    0.02363632433116436,
    0.019656062658343996,
    0.016889976603644236,
    0.013227917653109347,
    0.018105678393372467,
    0.014031166742954935,
    0.014731023194534438,
    0.011074572535497802,
    0.022546492916132723,
    0.012891117217285293,
    0.011204285746706384,
    0.00907900686641889,
    0.008952141074197633,
    0.00823132727029068
  ],
  "val_losses": [
    0.433816559612751,
    0.10673673450946808,
    0.07071471214294434,
    0.07787849195301533,
    0.0409889742732048,
    0.030436409171670675,
    0.03089140634983778,
    0.028613965027034283,
    0.02776924893260002,
    0.031582055147737265,
    0.02713740151375532,
    0.027067245449870825,
    0.026432589627802372,
    0.026522271800786257,
    0.02529533626511693,
    0.024790634401142597,
    0.024392652325332165,
    0.025007174350321293,
    0.02570209512487054,
    0.023949108086526394,
    0.025456751696765423,
    0.026860966347157955,
    0.03190851118415594,
    0.026421668473631144,
    0.03215532097965479,
    0.026026259176433086,
    0.02692463994026184,
    0.026209252886474133,
    0.030479202046990395,
    0.02801302820444107
  ],
  "learning_rates": [
    0.001,
    0.001,
    0.001,
    0.001,
    0.001,
    0.001,
    0.001,
    0.001,
    0.001,
    0.001,
    0.001,
    0.001,
    0.001,
    0.001,
    0.001,
    0.001,
    0.001,
    0.001,
    0.001,
    0.001,
    0.001,
    0.001,
    0.001,
    0.001,
    0.001,
    0.0005,
    0.0005,
    0.0005,
    0.0005,
    0.0005
  ],
  "epochs": [
    1,
    2,
    3,
    4,
    5,
    6,
    7,
    8,
    9,
    10,
    11,
    12,
    13,
    14,
    15,
    16,
    17,
    18,
    19,
    20,
    21,
    22,
    23,
    24,
    25,
    26,
    27,
    28,
    29,
    30
  ],
  "best_val_loss": 0.023949108086526394,
  "best_epoch": 20
}