{
  "train_losses": [
    0.6605731504304069,
    0.2749480243240084,
    0.19848343410662242,
    0.12360400919403348,
    0.07525597991687911,
    0.09850719411458288,
    0.06917862753782954,
    0.06664059417588371,
    0.051889962649771144,
    0.04530787467956543,
    0.05357495349432741,
    0.048086369676249366,
    0.04093345467533384,
    0.04096086003950664,
    0.040292568770902495,
    0.032557412183710506,
    0.03815122880041599,
    0.03312921550657068
  ],
  "val_losses": [
    0.5547663047909737,
    0.3993045836687088,
    0.40196654200553894,
    0.3199644833803177,
    0.2435181885957718,
    0.21281322836875916,
    0.2355055809020996,
    0.17337580025196075,
    0.1906120553612709,
    0.1853044554591179,
    0.18584787845611572,
    0.19966471940279007,
    0.2307768389582634,
    0.2519589066505432,
    0.22402438521385193,
    0.2061779573559761,
    0.23299583047628403,
    0.20861036330461502
  ],
  "learning_rates": [
    0.001,
    0.001,
    0.001,
    0.001,
    0.001,
    0.001,
    0.001,
    0.001,
    0.001,
    0.001,
    0.001,
    0.001,
    0.001,
    0.0005,
    0.0005,
    0.0005,
    0.0005,
    0.0005
  ],
  "epochs": [
    1,
    2,
    3,
    4,
    5,
    6,
    7,
    8,
    9,
    10,
    11,
    12,
    13,
    14,
    15,
    16,
    17,
    18
  ],
  "best_val_loss": 0.17337580025196075,
  "best_epoch": 8
}